SBNation,92,Oday,Aboushi,Oday Aboushi,OT,8
SBNation,183,Johnny,Adams,Johnny Adams,CB,21
SBNation,84,Robert,Alford,Robert Alford,CB,12
SBNation,19,Keenan,Allen,Keenan Allen,WR,2
SBNation,97,Kiko,Alonso,Kiko Alonso,C,13
SBNation,79,David,Amerson,David Amerson,CB,11
SBNation,10,Ezekiel,Ansah,Ezekiel Ansah,DE,3
SBNation,67,Terron,Armstead,Terron Armstead,OT,7
SBNation,21,Tavon,Austin,Tavon Austin,WR,3
SBNation,69,Stedman,Bailey,Stedman Bailey,WR,9
SBNation,123,Alvin,Bailey,Alvin Bailey,C,16
SBNation,107,Montee,Ball,Montee Ball,RB,8
SBNation,47,Johnthan,Banks,Johnthan Banks,CB,5
SBNation,56,Matt,Barkley,Matt Barkley,Q,2
SBNation,136,Kenjon,Barner,Kenjon Barner,RB,10
SBNation,140,T.J.,Barnes,T.J. Barnes,DT,14
SBNation,198,Steve,Beauharnais,Steve Beauharnais,C,22
SBNation,151,Le'Veon,Bell,Le'Veon Bell,RB,13
SBNation,52,Giovani,Bernard,Giovani Bernard,RB,2
SBNation,187,Travis,Bond,Travis Bond,C,19
SBNation,114,Jon,Bostic,Jon Bostic,C,14
SBNation,138,Josh,Boyce,Josh Boyce,WR,16
SBNation,90,Tyler,Bray,Tyler Bray,Q,5
SBNation,18,Arthur,Brown,Arthur Brown,C,3
SBNation,158,Michael,Buchanan,Michael Buchanan,DE,17
SBNation,161,Adrian,Bushell,Adrian Bushell,CB,20
SBNation,14,Cornelius,Carradine,Cornelius Carradine,DE,4
SBNation,193,Mike,Catapano,Mike Catapano,DE,22
SBNation,39,Jamie,Collins,Jamie Collins,OLB,2
SBNation,8,Jonathan,Cooper,Jonathan Cooper,C,2
SBNation,23,Jonathan,Cyprien,Jonathan Cyprien,S,2
SBNation,125,Will,Davis,Will Davis,CB,14
SBNation,182,Knile,Davis,Knile Davis,RB,16
SBNation,153,Everett,Dawkins,Everett Dawkins,DT,15
SBNation,73,Aaron,Dobson,Aaron Dobson,WR,10
SBNation,157,Jack,Doyle,Jack Doyle,TE,14
SBNation,103,Zac,Dysert,Zac Dysert,Q,8
SBNation,139,Mike,Edwards,Mike Edwards,CB,17
SBNation,167,Lavar,Edwards,Lavar Edwards,DE,18
SBNation,15,Tyler,Eifert,Tyler Eifert,TE,1
SBNation,36,Matt,Elam,Matt Elam,S,4
SBNation,91,Andre,Ellington,Andre Ellington,RB,6
SBNation,34,Zach,Ertz,Zach Ertz,TE,2
SBNation,40,Gavin,Escobar,Gavin Escobar,TE,3
SBNation,163,Chris,Faulk,Chris Faulk,OT,13
SBNation,143,Joseph,Fauria,Joseph Fauria,TE,12
SBNation,4,Eric,Fisher,Eric Fisher,OT,2
SBNation,13,Sharrif,Floyd,Sharrif Floyd,DT,3
SBNation,24,D.J.,Fluker,D.J. Fluker,OT,4
SBNation,111,Reid,Fragel,Reid Fragel,OT,10
SBNation,71,Johnathan,Franklin,Johnathan Franklin,RB,4
SBNation,65,Travis,Frederick,Travis Frederick,C,9
SBNation,116,Kwame,Geathers,Kwame Geathers,DT,13
SBNation,78,William,Gholston,William Gholston,DE,12
SBNation,148,Mike,Gillislee,Mike Gillislee,RB,12
SBNation,77,Mike,Glennon,Mike Glennon,Q,3
SBNation,180,Zaviar,Gooden,Zaviar Gooden,OLB,14
SBNation,129,Malliciah,Goodman,Malliciah Goodman,DE,14
SBNation,169,Chris,Gragg,Chris Gragg,TE,15
SBNation,168,Ray,Graham,Ray Graham,RB,15
SBNation,190,Dwayne,Gratz,Dwayne Gratz,CB,23
SBNation,43,Khaseem,Greene,Khaseem Greene,OLB,3
SBNation,155,Ryan,Griffin,Ryan Griffin,TE,13
SBNation,172,Cobi,Hamilton,Cobi Hamilton,WR,21
SBNation,29,Johnathan,Hankins,Johnathan Hankins,DT,4
SBNation,166,Chris,Harper,Chris Harper,WR,20
SBNation,199,D.J.,Harper,D.J. Harper,RB,19
SBNation,152,Mark,Harrison,Mark Harrison,WR,18
SBNation,76,D.J.,Hayden,D.J. Hayden,CB,10
SBNation,112,Jordan,Hill,Jordan Hill,DT,12
SBNation,106,Gerald,Hodges,Gerald Hodges,OLB,8
SBNation,173,DeVonte,Holloman,DeVonte Holloman,OLB,12
SBNation,16,DeAndre,Hopkins,DeAndre Hopkins,WR,1
SBNation,70,Margus,Hunt,Margus Hunt,DE,11
SBNation,51,Justin,Hunter,Justin Hunter,WR,6
SBNation,170,Alex,Hurst,Alex Hurst,OT,15
SBNation,127,Jawan,Jamison,Jawan Jamison,RB,9
SBNation,137,Tony,Jefferson,Tony Jefferson,S,8
SBNation,37,John,Jenkins,John Jenkins,DT,7
SBNation,81,Brandon,Jenkins,Brandon Jenkins,OLB,5
SBNation,104,Jelani,Jenkins,Jelani Jenkins,OLB,7
SBNation,1,Luke,Joeckel,Luke Joeckel,OT,1
SBNation,11,Lane,Johnson,Lane Johnson,OT,3
SBNation,89,Nico,Johnson,Nico Johnson,C,12
SBNation,195,Dennis,Johnson,Dennis Johnson,RB,18
SBNation,197,Josh,Johnson,Josh Johnson,CB,24
SBNation,12,Jarvis,Jones,Jarvis Jones,OLB,1
SBNation,32,Datone,Jones,Datone Jones,DE,6
SBNation,63,Barrett,Jones,Barrett Jones,C,8
SBNation,118,Landry,Jones,Landry Jones,Q,10
SBNation,179,Chris,Jones,Chris Jones,DT,16
SBNation,9,Dion,Jordan,Dion Jordan,DE,2
SBNation,122,Nick,Kasa,Nick Kasa,TE,10
SBNation,53,Travis,Kelce,Travis Kelce,TE,4
SBNation,188,A.J.,Klein,A.J. Klein,C,20
SBNation,177,Jake,Knott,Jake Knott,OLB,13
SBNation,121,Joe,Kruger,Joe Kruger,DE,13
SBNation,44,Eddie,Lacy,Eddie Lacy,RB,1
SBNation,58,Marcus,Lattimore,Marcus Lattimore,RB,3
SBNation,68,Corey,Lemonier,Corey Lemonier,DE,10
SBNation,192,Robert,Lester,Robert Lester,S,15
SBNation,75,Bennie,Logan,Bennie Logan,DT,9
SBNation,94,Kyle,Long,Kyle Long,G,1
SBNation,2,Star,Lotulelei,Star Lotulelei,DT,1
SBNation,99,E.J.,Manuel,E.J. Manuel,Q,7
SBNation,176,Stansly,Maponga,Stansly Maponga,DE,20
SBNation,131,Tyrann,Mathieu,Tyrann Mathieu,CB,16
SBNation,132,Lerentee,McCray,Lerentee McCray,OLB,9
SBNation,87,Vance,McDonald,Vance McDonald,TE,5
SBNation,181,T.J.,McDonald,T.J. McDonald,S,13
SBNation,128,Leon,McFadden,Leon McFadden,CB,15
SBNation,93,Christine,Michael,Christine Michael,RB,7
SBNation,6,Dee,Milliner,Dee Milliner,CB,1
SBNation,100,Jordan,Mills,Jordan Mills,OT,9
SBNation,7,Barkevious,Mingo,Barkevious Mingo,DE,1
SBNation,62,Kevin,Minter,Kevin Minter,C,7
SBNation,66,Sam,Montgomery,Sam Montgomery,DE,9
SBNation,38,Damontre,Moore,Damontre Moore,DE,7
SBNation,49,Sio,Moore,Sio Moore,OLB,4
SBNation,96,Ryan,Nassib,Ryan Nassib,Q,6
SBNation,174,Xavier,Nixon,Xavier Nixon,OT,16
SBNation,30,Alec,Ogletree,Alec Ogletree,C,4
SBNation,50,Alex,Okafor,Alex Okafor,DE,8
SBNation,119,Ryan,Otten,Ryan Otten,TE,9
SBNation,27,Cordarrelle,Patterson,Cordarrelle Patterson,WR,4
SBNation,60,Quinton,Patton,Quinton Patton,WR,7
SBNation,146,Sean,Porter,Sean Porter,OLB,11
SBNation,59,Jordan,Poyer,Jordan Poyer,CB,7
SBNation,57,Justin,Pugh,Justin Pugh,OT,6
SBNation,165,David,Quessenberry,David Quessenberry,OT,14
SBNation,154,Bacarri,Rambo,Bacarri Rambo,S,10
SBNation,86,Joseph,Randle,Joseph Randle,RB,5
SBNation,160,Kevin,Reddick,Kevin Reddick,C,18
SBNation,101,Jordan,Reed,Jordan Reed,TE,7
SBNation,41,Eric,Reid,Eric Reid,S,5
SBNation,156,Sean,Renfree,Sean Renfree,Q,11
SBNation,194,Adam,Replogle,Adam Replogle,DT,17
SBNation,22,Xavier,Rhodes,Xavier Rhodes,CB,2
SBNation,5,Sheldon,Richardson,Sheldon Richardson,DT,2
SBNation,184,Mychal,Rivera,Mychal Rivera,TE,16
SBNation,186,Nickell,Robey,Nickell Robey,CB,22
SBNation,108,Denard,Robinson,Denard Robinson,WR,13
SBNation,64,Da'Rick,Rogers,Da'Rick Rogers,WR,8
SBNation,46,Logan,Ryan,Logan Ryan,CB,4
SBNation,124,Ace,Sanders,Ace Sanders,WR,15
SBNation,80,Brian,Schwenke,Brian Schwenke,C,10
SBNation,110,Matt,Scott,Matt Scott,Q,9
SBNation,45,Kawann,Short,Kawann Short,DT,8
SBNation,147,Tharold,Simon,Tharold Simon,CB,18
SBNation,150,John,Simon,John Simon,DE,16
SBNation,95,Dion,Sims,Dion Sims,TE,6
SBNation,74,Darius,Slay,Darius Slay,CB,9
SBNation,20,Geno,Smith,Geno Smith,Q,1
SBNation,134,Quanterus,Smith,Quanterus Smith,DE,15
SBNation,109,Akeem,Spence,Akeem Spence,DT,11
SBNation,189,Damion,Square,Damion Square,DE,21
SBNation,162,Zac,Stacy,Zac Stacy,RB,14
SBNation,142,Kenny,Stills,Kenny Stills,WR,17
SBNation,26,D.J.,Swearinger,D.J. Swearinger,S,3
SBNation,117,Ryan,Swope,Ryan Swope,WR,14
SBNation,55,Jamar,Taylor,Jamar Taylor,CB,6
SBNation,141,Stepfan,Taylor,Stepfan Taylor,RB,11
SBNation,171,Devin,Taylor,Devin Taylor,DE,19
SBNation,42,Manti,Te'o,Manti Te'o,C,6
SBNation,72,Shamarko,Thomas,Shamarko Thomas,S,6
SBNation,85,Chase,Thomas,Chase Thomas,OLB,6
SBNation,88,Dallas,Thomas,Dallas Thomas,C,11
SBNation,185,Phillip,Thomas,Phillip Thomas,S,14
SBNation,120,Hugh,Thornton,Hugh Thornton,C,15
SBNation,130,Levine,Toilolo,Levine Toilolo,TE,11
SBNation,145,J.C.,Tretter,J.C. Tretter,C,17
SBNation,25,Desmond,Trufant,Desmond Trufant,CB,3
SBNation,196,Omoregie,Uzzi,Omoregie Uzzi,C,21
SBNation,17,Kenny,Vaccaro,Kenny Vaccaro,S,1
SBNation,144,Ricky,Wagner,Ricky Wagner,OT,12
SBNation,33,Larry,Warford,Larry Warford,C,5
SBNation,3,Chance,Warmack,Chance Warmack,C,1
SBNation,135,Cornelius,Washington,Cornelius Washington,OLB,10
SBNation,54,Menelik,Watson,Menelik Watson,OT,5
SBNation,113,BW,Webb,B.W. Webb,CB,13
SBNation,28,Bjoern,Werner,Bjoern Werner,DE,5
SBNation,105,Markus,Wheaton,Markus Wheaton,WR,12
SBNation,178,JJ,Wilcox,JJ Wilcox,S,12
SBNation,31,Jesse,Williams,Jesse Williams,DT,5
SBNation,35,Sylvester,Williams,Sylvester Williams,DT,6
SBNation,82,Brandon,Williams,Brandon Williams,DT,10
SBNation,102,Terrance,Williams,Terrance Williams,WR,11
SBNation,115,Michael,Williams,Michael Williams,TE,8
SBNation,126,Shawn,Williams,Shawn Williams,S,7
SBNation,133,Brennan,Williams,Brennan Williams,OT,11
SBNation,159,Steve,Williams,Steve Williams,CB,19
SBNation,175,Duke,Williams,Duke Williams,S,11
SBNation,191,Kerwynn,Williams,Kerwynn Williams,RB,17
SBNation,200,Trevardo,Williams,Trevardo Williams,DE,23
SBNation,83,Tyler,Wilson,Tyler Wilson,Q,4
SBNation,164,Marquess,Wilson,Marquess Wilson,WR,19
SBNation,98,Brian,Winters,Brian Winters,G,2
SBNation,149,Earl,Wolff,Earl Wolff,S,9
SBNation,48,Robert,Woods,Robert Woods,WR,5
SBNation,61,Blidi,Wreh-Wilson,Blidi Wreh-Wilson,CB,8
CBSSports,141,Oday,Aboushi,Oday Aboushi,OT,13
CBSSports,198,Johnny,Adams,Johnny Adams,CB,24
CBSSports,83,Robert,Alford,Robert Alford,CB,11
CBSSports,47,Keenan,Allen,Keenan Allen,WR,6
CBSSports,86,Kiko,Alonso,Kiko Alonso,ILB,3
CBSSports,65,David,Amerson,David Amerson,CB,9
CBSSports,7,Ezekiel,Ansah,Ezekiel Ansah,DE,1
CBSSports,48,Terron,Armstead,Terron Armstead,OT,7
CBSSports,13,Tavon,Austin,Tavon Austin,WR,1
CBSSports,145,Jeff,Baca,Jeff Baca,OG,8
CBSSports,81,Stedman,Bailey,Stedman Bailey,WR,10
CBSSports,167,Alvin,Bailey,Alvin Bailey,OG,9
CBSSports,76,David,Bakhtiari,David Bakhtiari,OT,8
CBSSports,62,Montee,Ball,Montee Ball,RB,3
CBSSports,44,Johnthan,Banks,Johnthan Banks,CB,6
CBSSports,37,Matt,Barkley,Matt Barkley,QB,2
CBSSports,153,Kenjon,Barner,Kenjon Barner,RB,12
CBSSports,75,Le'Veon,Bell,Le'Veon Bell,RB,5
CBSSports,67,Giovani,Bernard,Giovani Bernard,RB,4
CBSSports,84,Jon,Bostic,Jon Bostic,OLB,8
CBSSports,169,Josh,Boyce,Josh Boyce,WR,20
CBSSports,171,Josh,Boyd,Josh Boyd,DT,15
CBSSports,92,Tyler,Bray,Tyler Bray,QB,7
CBSSports,42,Arthur,Brown,Arthur Brown,OLB,5
CBSSports,150,Michael,Buchanan,Michael Buchanan,DE,13
CBSSports,30,Cornellius,Carradine,Cornellius Carradine,DE,4
CBSSports,184,Braxston,Cave,Braxston Cave,C,5
CBSSports,60,Jamie,Collins,Jamie Collins,OLB,6
CBSSports,132,Sanders,Commings,Sanders Commings,CB,17
CBSSports,11,Jonathan,Cooper,Jonathan Cooper,OG,2
CBSSports,29,Jonathan,Cyprien,Jonathan Cyprien,SS,1
CBSSports,157,Will,Davis,Will Davis,CB,19
CBSSports,173,Cody,Davis,Cody Davis,FS,9
CBSSports,196,Marcus,Davis,Marcus Davis,WR,24
CBSSports,176,Everett,Dawkins,Everett Dawkins,DT,16
CBSSports,117,Aaron,Dobson,Aaron Dobson,WR,14
CBSSports,142,Zac,Dysert,Zac Dysert,QB,10
CBSSports,129,Lavar,Edwards,Lavar Edwards,DE,12
CBSSports,14,Tyler,Eifert,Tyler Eifert,TE,1
CBSSports,38,Matt,Elam,Matt Elam,SS,2
CBSSports,88,Andre,Ellington,Andre Ellington,RB,6
CBSSports,49,Zach,Ertz,Zach Ertz,TE,2
CBSSports,89,Gavin,Escobar,Gavin Escobar,TE,5
CBSSports,124,Josh,Evans,Josh Evans,FS,7
CBSSports,2,Eric,Fisher,Eric Fisher,OT,2
CBSSports,9,Sharrif,Floyd,Sharrif Floyd,DT,2
CBSSports,12,D.J.,Fluker,D.J. Fluker,OT,4
CBSSports,188,Michael,Ford,Michael Ford,RB,15
CBSSports,147,Reid,Fragel,Reid Fragel,OT,14
CBSSports,51,Johnathan,Franklin,Johnathan Franklin,RB,2
CBSSports,53,Travis,Frederick,Travis Frederick,C,1
CBSSports,172,Corey,Fuller,Corey Fuller,WR,21
CBSSports,118,William,Gholston,William Gholston,DE,11
CBSSports,146,Mike,Gillislee,Mike Gillislee,RB,11
CBSSports,77,Mike,Glennon,Mike Glennon,QB,6
CBSSports,130,Zaviar,Gooden,Zaviar Gooden,OLB,13
CBSSports,163,Malliciah,Goodman,Malliciah Goodman,DE,14
CBSSports,93,Marquise,Goodwin,Marquise Goodwin,WR,11
CBSSports,195,Chris,Gragg,Chris Gragg,TE,10
CBSSports,55,Dwayne,Gratz,Dwayne Gratz,CB,7
CBSSports,105,Khaseem,Greene,Khaseem Greene,OLB,9
CBSSports,200,Cory,Grissom,Cory Grissom,DT,18
CBSSports,152,Cobi,Hamilton,Cobi Hamilton,WR,18
CBSSports,50,Johnathan,Hankins,Johnathan Hankins,DT,6
CBSSports,122,Chris,Harper,Chris Harper,WR,15
CBSSports,177,Terry,Hawthorne,Terry Hawthorne,CB,21
CBSSports,24,D.J.,Hayden,D.J. Hayden,CB,4
CBSSports,149,Jordan,Hill,Jordan Hill,DT,13
CBSSports,134,Gerald,Hodges,Gerald Hodges,OLB,14
CBSSports,137,DeVonte,Holloman,DeVonte Holloman,OLB,16
CBSSports,151,Khaled,Holmes,Khaled Holmes,C,4
CBSSports,43,DeAndre,Hopkins,DeAndre Hopkins,WR,5
CBSSports,121,Montori,Hughes,Montori Hughes,DT,11
CBSSports,34,Margus,Hunt,Margus Hunt,DE,5
CBSSports,26,Justin,Hunter,Justin Hunter,WR,2
CBSSports,160,Tony,Jefferson,Tony Jefferson,FS,8
CBSSports,74,John,Jenkins,John Jenkins,DT,8
CBSSports,158,Jelani,Jenkins,Jelani Jenkins,ILB,7
CBSSports,1,Luke,Joeckel,Luke Joeckel,OT,1
CBSSports,4,Lane,Johnson,Lane Johnson,OT,3
CBSSports,148,Nico,Johnson,Nico Johnson,ILB,6
CBSSports,179,Dennis,Johnson,Dennis Johnson,RB,14
CBSSports,18,Jarvis,Jones,Jarvis Jones,OLB,3
CBSSports,27,Datone,Jones,Datone Jones,DE,3
CBSSports,100,Barrett,Jones,Barrett Jones,C,3
CBSSports,111,Landry,Jones,Landry Jones,QB,9
CBSSports,3,Dion,Jordan,Dion Jordan,OLB,1
CBSSports,123,Kyle,Juszczyk,Kyle Juszczyk,FB,1
CBSSports,183,Nick,Kasa,Nick Kasa,TE,9
CBSSports,66,Travis,Kelce,Travis Kelce,TE,3
CBSSports,165,Tavarres,King,Tavarres King,WR,19
CBSSports,109,A.J.,Klein,A.J. Klein,ILB,4
CBSSports,187,Jake,Knott,Jake Knott,OLB,21
CBSSports,36,Eddie,Lacy,Eddie Lacy,RB,1
CBSSports,138,Marcus,Lattimore,Marcus Lattimore,RB,10
CBSSports,98,Corey,Lemonier,Corey Lemonier,DE,10
CBSSports,194,Zach,Line,Zach Line,FB,3
CBSSports,99,Jeff,Locke,Jeff Locke,P,1
CBSSports,96,Bennie,Logan,Bennie Logan,DT,10
CBSSports,197,P.J.,Lonergan,P.J. Lonergan,C,6
CBSSports,56,Kyle,Long,Kyle Long,OG,3
CBSSports,5,Star,Lotulelei,Star Lotulelei,DT,1
CBSSports,40,EJ,Manuel,EJ Manuel,QB,3
CBSSports,69,Tyrann,Mathieu,Tyrann Mathieu,CB,10
CBSSports,170,Michael,Mauti,Michael Mauti,OLB,19
CBSSports,168,Lerentee,McCray,Lerentee McCray,OLB,18
CBSSports,70,Vance,McDonald,Vance McDonald,TE,4
CBSSports,112,T.J.,McDonald,T.J. McDonald,FS,6
CBSSports,107,Leon,McFadden,Leon McFadden,CB,14
CBSSports,164,Brandon,McGee,Brandon McGee,CB,20
CBSSports,178,Aaron,Mellette,Aaron Mellette,WR,22
CBSSports,94,Christine,Michael,Christine Michael,RB,7
CBSSports,6,Dee,Milliner,Dee Milliner,CB,1
CBSSports,181,Jordan,Mills,Jordan Mills,OT,17
CBSSports,10,Barkevious,Mingo,Barkevious Mingo,OLB,2
CBSSports,46,Kevin,Minter,Kevin Minter,ILB,2
CBSSports,54,Sam,Montgomery,Sam Montgomery,DE,7
CBSSports,52,Damontre,Moore,Damontre Moore,DE,6
CBSSports,68,Sio,Moore,Sio Moore,OLB,7
CBSSports,41,Ryan,Nassib,Ryan Nassib,QB,4
CBSSports,166,Xavier,Nixon,Xavier Nixon,OT,16
CBSSports,31,Alec,Ogletree,Alec Ogletree,OLB,4
CBSSports,57,Alex,Okafor,Alex Okafor,DE,8
CBSSports,186,Lawrence,Okoye,Lawrence Okoye,DT,17
CBSSports,126,Vinston,Painter,Vinston Painter,OT,12
CBSSports,33,Cordarrelle,Patterson,Cordarrelle Patterson,WR,3
CBSSports,58,Quinton,Patton,Quinton Patton,WR,7
CBSSports,135,Sean,Porter,Sean Porter,OLB,15
CBSSports,182,Keith,Pough,Keith Pough,ILB,8
CBSSports,154,Ty,Powell,Ty Powell,OLB,17
CBSSports,119,Jordan,Poyer,Jordan Poyer,CB,15
CBSSports,175,Lonnie,Pryor,Lonnie Pryor,FB,2
CBSSports,45,Justin,Pugh,Justin Pugh,OT,6
CBSSports,101,David,Quessenberry,David Quessenberry,OT,10
CBSSports,104,Bacarri,Rambo,Bacarri Rambo,FS,5
CBSSports,127,Joseph,Randle,Joseph Randle,RB,9
CBSSports,143,Kevin,Reddick,Kevin Reddick,ILB,5
CBSSports,120,Jordan,Reed,Jordan Reed,TE,6
CBSSports,32,Eric,Reid,Eric Reid,FS,2
CBSSports,17,Xavier,Rhodes,Xavier Rhodes,CB,2
CBSSports,15,Sheldon,Richardson,Sheldon Richardson,DT,3
CBSSports,180,Nickell,Robey,Nickell Robey,CB,22
CBSSports,192,Denard,Robinson,Denard Robinson,WR,23
CBSSports,95,Da'Rick,Rogers,Da'Rick Rogers,WR,12
CBSSports,90,Logan,Ryan,Logan Ryan,CB,13
CBSSports,185,Etienne,Sabino,Etienne Sabino,OLB,20
CBSSports,133,Ace,Sanders,Ace Sanders,WR,16
CBSSports,80,Brian,Schwenke,Brian Schwenke,C,2
CBSSports,102,Matt,Scott,Matt Scott,QB,8
CBSSports,59,Kawann,Short,Kawann Short,DT,7
CBSSports,113,John,Simon,John Simon,OLB,11
CBSSports,144,Tharold,Simon,Tharold Simon,CB,18
CBSSports,139,Dion,Sims,Dion Sims,TE,7
CBSSports,63,Darius,Slay,Darius Slay,CB,8
CBSSports,21,Geno,Smith,Geno Smith,QB,1
CBSSports,131,Akeem,Spence,Akeem Spence,DT,12
CBSSports,199,Zac,Stacy,Zac Stacy,RB,17
CBSSports,136,Kenny,Stills,Kenny Stills,WR,17
CBSSports,71,D.J.,Swearinger,D.J. Swearinger,FS,4
CBSSports,108,Ryan,Swope,Ryan Swope,WR,13
CBSSports,28,Jamar,Taylor,Jamar Taylor,CB,5
CBSSports,116,Stepfan,Taylor,Stepfan Taylor,RB,8
CBSSports,25,Manti,Te'o,Manti Te'o,ILB,1
CBSSports,64,Phillip,Thomas,Phillip Thomas,FS,3
CBSSports,91,Dallas,Thomas,Dallas Thomas,OT,9
CBSSports,110,Chase,Thomas,Chase Thomas,OLB,10
CBSSports,114,Shamarko,Thomas,Shamarko Thomas,SS,4
CBSSports,106,Hugh,Thornton,Hugh Thornton,OG,6
CBSSports,155,Levine,Toilolo,Levine Toilolo,TE,8
CBSSports,189,J.C.,Tretter,J.C. Tretter,OG,10
CBSSports,23,Desmond,Trufant,Desmond Trufant,CB,3
CBSSports,16,Kenny,Vaccaro,Kenny Vaccaro,FS,1
CBSSports,162,Ricky,Wagner,Ricky Wagner,OT,15
CBSSports,61,Larry,Warford,Larry Warford,OG,4
CBSSports,8,Chance,Warmack,Chance Warmack,OG,1
CBSSports,82,Cornelius,Washington,Cornelius Washington,DE,9
CBSSports,140,Earl,Watford,Earl Watford,OG,7
CBSSports,22,Menelik,Watson,Menelik Watson,OT,5
CBSSports,128,BW,Webb,B.W. Webb,CB,16
CBSSports,20,Bjoern,Werner,Bjoern Werner,DE,2
CBSSports,79,Markus,Wheaton,Markus Wheaton,WR,9
CBSSports,97,JJ,Wilcox,JJ Wilcox,SS,3
CBSSports,19,Sylvester,Williams,Sylvester Williams,DT,4
CBSSports,39,Jesse,Williams,Jesse Williams,DT,5
CBSSports,73,Terrance,Williams,Terrance Williams,WR,8
CBSSports,87,Brandon,Williams,Brandon Williams,DT,9
CBSSports,103,Brennan,Williams,Brennan Williams,OT,11
CBSSports,115,Shawn,Williams,Shawn Williams,SS,5
CBSSports,125,Trevardo,Williams,Trevardo Williams,OLB,12
CBSSports,156,Duke,Williams,Duke Williams,SS,6
CBSSports,159,Kerwynn,Williams,Kerwynn Williams,RB,13
CBSSports,161,Nicholas,Williams,Nicholas Williams,DT,14
CBSSports,174,Tourek,Williams,Tourek Williams,DE,15
CBSSports,191,Steve,Williams,Steve Williams,CB,23
CBSSports,72,Tyler,Wilson,Tyler Wilson,QB,5
CBSSports,78,Brian,Winters,Brian Winters,OG,5
CBSSports,190,Earl,Wolff,Earl Wolff,SS,7
CBSSports,193,Cierre,Wood,Cierre Wood,RB,16
CBSSports,35,Robert,Woods,Robert Woods,WR,4
CBSSports,85,Blidi,Wreh-Wilson,Blidi Wreh-Wilson,CB,12
NFL,1,Eric,Fisher, Eric Fisher, OT,1
NFL,2,Sharrif,Floyd, Sharrif Floyd, DT,1
NFL,3,Luke,Joeckel, Luke Joeckel, OT,2
NFL,4,Chance,Warmack, Chance Warmack, OG,1
NFL,5,Dion,Jordan, Dion Jordan,DE,10
NFL,6,Lane,Johnson, Lane Johnson, OT,11
NFL,7,Sheldon,Richardson, Sheldon Richardson, DT,12
NFL,8,Jonathan,Cooper, Jonathan Cooper, OG,13
NFL,9,Ziggy,Ansah, Ziggy Ansah, DE,1
NFL,10,Barkevious,Mingo, Barkevious Mingo, DE,2
NFL,11,Star,Lotulelei, Star Lotulelei, DT,3
NFL,12,Tavon,Austin, Tavon Austin, WR,1
NFL,13,Tyler,Eifert, Tyler Eifert, TE,1
NFL,14,DJ,Hayden,DJ Hayden, CB,1
NFL,15,DJ,Fluker,DJ Fluker, OT,2
NFL,16,Dee,Milliner, Dee Milliner, CB,3
NFL,17,Kenny,Vaccaro, Kenny Vaccaro, S,1
NFL,18,Eddie,Lacy, Eddie Lacy, RB,1
NFL,19,Jarvis,Jones, Jarvis Jones, OLB,1
NFL,20,Xavier,Rhodes, Xavier Rhodes, CB,2
NFL,21,Geno,Smith, Geno Smith, QB,1
NFL,22,Sylvester,Williams, Sylvester Williams, DT,2
NFL,23,Manti,Te'o, Manti Te'o, ILB,1
NFL,24,Justin,Pugh, Justin Pugh, OT,2
NFL,25,Matt,Elam, Matt Elam, FS,1
NFL,26,Bjoern,Werner, Bjoern Werner, DE,2
NFL,27,Datone,Jones, Datone Jones, DE,3
NFL,28,Eric,Reid, Eric Reid, FS,4
NFL,29,Kyle,Long, Kyle Long, OG,5
NFL,30,Cordarrelle,Patterson, Cordarrelle Patterson, WR,6
NFL,31,Menelik,Watson, Menelik Watson, OT,7
NFL,32,Justin,Hunter, Justin Hunter, WR,8
NFL,33,Damontre,Moore, Damontre Moore, DE,9
NFL,34,Kevin,Minter, Kevin Minter, ILB,10
NFL,35,Desmond,Trufant, Desmond Trufant, CB,11
NFL,36,Arthur,Brown, Arthur Brown, ILB,12
NFL,37,Keenan,Allen, Keenan Allen, WR,13
NFL,38,Jonathan,Cyprien, Jonathan Cyprien, FS,14
NFL,39,Margus,Hunt, Margus Hunt, DE,15
NFL,40,Kawann,Short, Kawann Short, DT,16
NFL,41,EJ,Manuel, EJ Manuel, QB,17
NFL,42,DeAndre,Hopkins, DeAndre Hopkins, WR,18
NFL,43,Matt,Barkley, Matt Barkley, QB,19
NFL,44,Alec,Ogletree, Alec Ogletree, ILB,20
NFL,45,Robert,Woods, Robert Woods, WR,21
NFL,46,Zach,Ertz, Zach Ertz, TE,22
NFL,47,Larry,Warford, Larry Warford, OG,23
NFL,48,Johnthan,Banks, Johnthan Banks, CB,24
NFL,49,Jamie,Collins, Jamie Collins, OLB,25
NFL,50,Ryan,Nassib, Ryan Nassib, QB,26
NFL,51,Jamar,Taylor, Jamar Taylor, CB,27
NFL,52,Montee,Ball, Montee Ball, RB,28
NFL,53,Terrance,Williams, Terrance Williams, WR,29
NFL,54,Cornelius,Washington, Cornelius Washington, OLB,30
NFL,55,Brian,Schwenke, Brian Schwenke, C,1
NFL,56,Tank,Carradine, Tank Carradine, DE,2
NFL,57,Swearinger,,DJ Swearinger, SS,1
NFL,58,Jonathan,Hankins, Jonathan Hankins, DT,2
NFL,59,Darius,Slay, Darius Slay, CB,3
NFL,60,Aaron,Dobson, Aaron Dobson, WR,4
NFL,61,Terron,Armstead, Terron Armstead, OT,5
NFL,62,Bennie,Logan, Bennie Logan, DT,6
NFL,63,Giovani,Bernard, Giovani Bernard, RB,7
NFL,64,Sio,Moore, Sio Moore, OLB,8
NFL,65,Jon,Bostic, Jon Bostic, OLB,9
NFL,66,Blidi,Wreh-Wilson, Blidi Wreh-Wilson, CB,8
NFL,67,BW,Webb,BW Webb, CB,9
NFL,68,JJ,Wilcox,JJ Wilcox, FS,10
NFL,69,Khaseem,Greene, Khaseem Greene, OLB,11
NFL,70,Brian,Winters, Brian Winters, OG,12
NFL,71,John,Jenkins, John Jenkins, DT,13
NFL,72,Dwayne,Gratz, Dwayne Gratz, CB,10
NFL,73,Stedman,Bailey, Stedman Bailey, WR,11
NFL,74,Robert,Alford, Robert Alford, CB,12
NFL,75,Andre,Ellington, Andre Ellington, RB,13
NFL,76,Gavin,Escobar, Gavin Escobar, TE,14
NFL,77,William,Gholston, William Gholston, DE,15
NFL,78,Quinton,Patton, Quinton Patton, WR,16
NFL,79,Alex,Okafor, Alex Okafor, DE,17
NFL,80,Travis,Kelce, Travis Kelce, TE,18
NFL,81,Mike,Glennon, Mike Glennon, QB,19
NFL,82,David,Bakhtiari, David Bakhtiari, OT,20
NFL,83,Brandon,Williams, Brandon Williams, DT,21
NFL,84,David,Quessenberry, David Quessenberry, OT,22
NFL,85,Jordan,Poyer, Jordan Poyer, CB,23
NFL,86,Tyler,Bray, Tyler Bray, QB,24
NFL,87,Christine,Michael, Christine Michael, RB,25
NFL,88,Markus,Wheaton, Markus Wheaton, WR,26
NFL,89,John,Simon, John Simon, DT,27
NFL,90,Dallas,Thomas, Dallas Thomas, OT,28
NFL,91,Barrett,Jones, Barrett Jones, OG,29
NFL,92,Travis,Frederick, Travis Frederick, C,30
NFL,93,Marquise,Goodwin, Marquise Goodwin, WR,31
NFL,94,Le'Veon,Bell, Le'Veon Bell, RB,32
NFL,95,Shamarko,Thomas, Shamarko Thomas, SS,2
NFL,96,Vance,McDonald, Vance McDonald, TE,3
NFL,97,Jesse,Williams, Jesse Williams, DT,4
NFL,98,Tyrann,Mathieu, Tyrann Mathieu, CB,5
NFL,99,David,Amerson, David Amerson, CB,6
NFL,100,Johnathan,Franklin, Johnathan Franklin, RB,7
ZachMistake,1,Jarvis,Jones,Jarvis Jones,DE/OLB,1
ZachMistake,2,Luke,Joeckel,Luke Joeckel,OT,1
ZachMistake,3,Chance,Warmack,Chance Warmack,OG,1
ZachMistake,4,Demarcus,Milliner,Demarcus Milliner,CB,1
ZachMistake,5,Star,Lotulelei,Star Lotulelei,DT,1
ZachMistake,6,Eric,Fisher,Eric Fisher,OT,2
ZachMistake,7,Sharrif,Floyd,Sharrif Floyd,DT,2
ZachMistake,8,Barkevious,Mingo,Barkevious Mingo,DE,1
ZachMistake,9,Dion,Jordan,Dion Jordan,DE,2
ZachMistake,10,Jonathan,Cooper,Jonathan Cooper,OG,2
ZachMistake,11,Bjoern,Werner,Bjoern Werner,DE,3
ZachMistake,12,Alex,Okafor,Alex Okafor,DE,4
ZachMistake,13,Darius,Slay,Darius Slay,CB,2
ZachMistake,14,Lane,Johnson,Lane Johnson,OT,3
ZachMistake,15,Kawann,Short,Kawann Short,DT,3
ZachMistake,16,Johnathan,Hankins,Johnathan Hankins,DT,4
ZachMistake,17,Sheldon,Richardson,Sheldon Richardson,DT,5
ZachMistake,18,Matt,Elam,Matt Elam,S,1
ZachMistake,19,Xavier,Rhodes,Xavier Rhodes,CB,3
ZachMistake,20,D.J,Fluker,D.J Fluker,OT,4
ZachMistake,21,Cordarrelle,Patterson,Cordarrelle Patterson,WR,1
ZachMistake,22,Johnthan,Banks,Johnthan Banks,CB,4
ZachMistake,23,Robert,Woods,Robert Woods,WR,2
ZachMistake,24,Tavon,Austin,Tavon Austin,WR,3
ZachMistake,25,Keenan,Allen,Keenan Allen,WR,4
ZachMistake,26,Barrett,Jones,Barrett Jones,C,1
ZachMistake,27,Jonathan,Cyprien,Jonathan Cyprien,S,2
ZachMistake,28,Cornellius,Carradine,Cornellius Carradine,DE,5
ZachMistake,29,Kenny,Vaccaro,Kenny Vaccaro,S,3
ZachMistake,30,Ezekiel,Ansah,Ezekiel Ansah,DE/OLB,2
ZachMistake,31,Kevin,Minter,Kevin Minter,ILB,1
ZachMistake,32,Manti,Te'o,Manti Te'o,ILB,2
ZachMistake,33,DJ,Hayden,DJ Hayden,CB,5
ZachMistake,34,Desmond,Trufant,Desmond Trufant,CB,6
ZachMistake,35,Datone,Jones,Datone Jones,DE,6
ZachMistake,36,Tyler,Eifert,Tyler Eifert,TE,1
ZachMistake,37,Damontre,Moore,Damontre Moore,DE,7
ZachMistake,38,Margus,Hunt,Margus Hunt,DE,8
ZachMistake,39,Tyler,Wilson,Tyler Wilson,QB,1
ZachMistake,40,Geno,Smith,Geno Smith,QB,2
ZachMistake,41,Le'Veon,Bell,Le'Veon Bell,RB,1
ZachMistake,42,David,Amerson,David Amerson,CB,7
ZachMistake,43,Justin,Hunter,Justin Hunter,WR,5
ZachMistake,44,Jamie,Collins,Jamie Collins,DE/OLB,3
ZachMistake,45,Giovani,Bernard,Giovani Bernard,RB,2
ZachMistake,46,Dallas,Thomas,Dallas Thomas,OG,3
ZachMistake,47,Matt,Barkley,Matt Barkley,QB,3
ZachMistake,48,Sylvester,Williams,Sylvester Williams,DT,6
ZachMistake,49,Jordan,Poyer,Jordan Poyer,CB,8
ZachMistake,50,Deandre,Hopkins,Deandre Hopkins,WR,6
ZachMistake,51,Markus,Wheaton,Markus Wheaton,WR,7
ZachMistake,52,Eddie,Lacy,Eddie Lacy,RB,3
ZachMistake,53,Terrance,Williams,Terrance Williams,WR,8
ZachMistake,54,Robert,Alford,Robert Alford,CB,9
ZachMistake,55,Blidi,Wreh-Wilson,Blidi Wreh-Wilson,CB,10
ZachMistake,56,Larry,Warford,Larry Warford,OG,4
ZachMistake,57,Sam,Montgomery,Sam Montgomery,DE/OLB,4
ZachMistake,58,Jesse,Williams,Jesse Williams,DT,7
ZachMistake,59,Shawn,Williams,Shawn Williams,S,4
ZachMistake,60,Bennie,Logan,Bennie Logan,DT,8
ZachMistake,61,Khaseem,Greene,Khaseem Greene,OLB,1
ZachMistake,62,Eric,Reid,Eric Reid,S,5
ZachMistake,63,Tyler,Bray,Tyler Bray,QB,4
ZachMistake,64,Arthur,Brown,Arthur Brown,OLB,2
ZachMistake,65,Jamar,Taylor,Jamar Taylor,CB,11
ZachMistake,66,Travis,Frederick,Travis Frederick,OG,5
ZachMistake,67,Stedman,Bailey,Stedman Bailey,WR,9
ZachMistake,68,Zach,Ertz,Zach Ertz,TE,2
ZachMistake,69,Tyrann,Mathieu,Tyrann Mathieu,CB,12
ZachMistake,70,Shamarko,Thomas,Shamarko Thomas,S,6
ZachMistake,71,Menelik,Watson,Menelik Watson,OT,5
ZachMistake,72,William,Gholston,William Gholston,DE,9
ZachMistake,73,Johnathan,Franklin,Johnathan Franklin,RB,4
ZachMistake,74,Alec,Ogletree,Alec Ogletree,ILB,3
ZachMistake,75,Sanders,Commings,Sanders Commings,CB,13
ZachMistake,76,Justin,Pugh,Justin Pugh,OG,6
ZachMistake,77,Sio,Moore,Sio Moore,OLB,3
ZachMistake,78,Cornelius,Washington,Cornelius Washington,DE/OLB,5
ZachMistake,79,D.J,Swearinger,D.J Swearinger,S,7
ZachMistake,80,Kenny,Stills,Kenny Stills,WR,10
ZachMistake,81,BW,Webb,B.W Webb,CB,14
ZachMistake,82,Leon,McFadden,Leon McFadden,CB,15
ZachMistake,83,John,Jenkins,John Jenkins,DT,9
ZachMistake,84,Quinton,Patten,Quinton Patten,WR,11
ZachMistake,85,Dion,Sims,Dion Sims,TE,3
ZachMistake,86,Kyle,Long,Kyle Long,OG,7
ZachMistake,87,Andre,Ellington,Andre Ellington,RB,5
ZachMistake,88,Corey,Lemonier,Corey Lemonier,DE/OLB,6
ZachMistake,89,Montee,Ball,Montee Ball,RB,6
ZachMistake,90,Terron,Armstead,Terron Armstead,OT,6
ZachMistake,91,Phillip,Thomas,Phillip Thomas,S,8
ZachMistake,92,Brennan,Williams,Brennan Williams,OT,7
ZachMistake,93,Mike,Glennon,Mike Glennon,QB,5
ZachMistake,94,Jon,Bostic,Jon Bostic,ILB,4
ZachMistake,95,Trevardo,Williams,Trevardo Williams,DE/OLB,7
ZachMistake,96,Marcus,Lattimore,Marcus Lattimore,RB,7
ZachMistake,97,Gavin,Escobar,Gavin Escobar,TE,4
ZachMistake,98,Christine,Michael,Christine Michael,RB,8
ZachMistake,99,Ryan,Nassib,Ryan Nassib,QB,6
ZachMistake,100,E.J,Manuel,E.J Manuel,QB,7
DraftDaddy,1,,Joeckel,Joeckel,OT,1
DraftDaddy,2,,Fisher,Fisher,OT,2
DraftDaddy,3,,Floyd,Floyd,DT,1
DraftDaddy,4,,Jordan,Jordan,DE,1
DraftDaddy,5,,Warmack,Warmack,G,1
DraftDaddy,6,,Milliner,Milliner,CB,1
DraftDaddy,7,,Johnson,Johnson,OT,3
DraftDaddy,8,,Lotulelei,Lotulelei,DT,2
DraftDaddy,9,,Austin,Austin,WR,1
DraftDaddy,10,,Ansah,Ansah,DE,2
DraftDaddy,11,,Cooper,Cooper,G,2
DraftDaddy,12,,Fluker,Fluker,OT,4
DraftDaddy,13,,Mingo,Mingo,DE,3
DraftDaddy,14,,Rhodes,Rhodes,CB,2
DraftDaddy,15,,Smith,Smith,QB,1
DraftDaddy,16,,Eifert,Eifert,TE,1
DraftDaddy,17,,Vaccaro,Vaccaro,S,1
DraftDaddy,18,,Werner,Werner,DE,4
DraftDaddy,19,,Patterson,Patterson,WR,2
DraftDaddy,20,,Caradine,Caradine,DE,5
DraftDaddy,21,,Richardson,Richardson,DT,3
DraftDaddy,22,,Trufant,Trufant,CB,3
DraftDaddy,23,,Jones,Jones,DE,6
DraftDaddy,24,,Cyprien,Cyprien,S,2
DraftDaddy,25,,Hopkins,Hopkins,WR,3
DraftDaddy,26,,Reid,Reid,S,3
DraftDaddy,27,,Hunter,Hunter,WR,4
DraftDaddy,28,,Taylor,Taylor,CB,4
DraftDaddy,29,,Jones,Jones,LB,1
DraftDaddy,30,,Allen,Allen,WR,5
DraftDaddy,31,,Te'o,Te'o,LB,2
DraftDaddy,32,,Hayden,Hayden,CB,5
DraftDaddy,33,,Ogletree,Ogletree,LB,3
DraftDaddy,34,,Alford,Alford,CB,6
DraftDaddy,35,,Manuel,Manuel,QB,2
DraftDaddy,36,,Brown,Brown,LB,4
DraftDaddy,37,,Williams,Williams,DT,4
DraftDaddy,38,,Nassib,Nassib,QB,3
DraftDaddy,39,,Lacy,Lacy,RB,1
DraftDaddy,40,,Hunt,Hunt,DE,7
DraftDaddy,41,,Barkley,Barkley,QB,4
DraftDaddy,42,,Watson,Watson,OT,5
DraftDaddy,43,,Patton,Patton,WR,6
DraftDaddy,44,,Wreh-Wilson,Wreh-Wilson,CB,7
DraftDaddy,45,,Woods,Woods,WR,7
DraftDaddy,46,,Collins,Collins,LB,5
DraftDaddy,47,,Ertz,Ertz,TE,2
DraftDaddy,48,,Minter,Minter,LB,6
DraftDaddy,49,,Armstead,Armstead,OT,6
DraftDaddy,50,,Bernard,Bernard,RB,2
DraftDaddy,51,,Short,Short,DT,5
DraftDaddy,52,,Elam,Elam,S,4
DraftDaddy,53,,Williams,Williams,DT,6
DraftDaddy,54,,Moore,Moore,DE,8
DraftDaddy,55,,Poyer,Poyer,CB,8
DraftDaddy,56,,Franklin,Franklin,RB,3
DraftDaddy,57,,Jenkins,Jenkins,DT,7
DraftDaddy,58,,Pugh,Pugh,G,3
DraftDaddy,59,,Hankins,Hankins,DT,8
DraftDaddy,60,,Moore,Moore,LB,7
DraftDaddy,61,,Wheaton,Wheaton,WR,8
DraftDaddy,62,,Goodwin,Goodwin,WR,9
DraftDaddy,63,,Slay,Slay,CB,9
DraftDaddy,64,,Warford,Warford,G,4
DraftDaddy,65,,Frederick,Frederick,C,1
DraftDaddy,66,,Ryan,Ryan,CB,10
DraftDaddy,67,,Williams,Williams,DT,9
DraftDaddy,68,,Michael,Michael,RB,4
DraftDaddy,69,,Escobar,Escobar,TE,3
DraftDaddy,70,,Wilson,Wilson,QB,5
DraftDaddy,71,,Long,Long,G,5
DraftDaddy,72,,Greene,Greene,LB,8
DraftDaddy,73,,Amerson,Amerson,CB,11
DraftDaddy,74,,Bakhtiari,Bakhtiari,OT,7
DraftDaddy,75,,Okafor,Okafor,DE,9
DraftDaddy,76,,Rogers,Rogers,WR,10
DraftDaddy,77,,Glennon,Glennon,QB,6
DraftDaddy,78,,Banks,Banks,CB,12
DraftDaddy,79,,Kelce,Kelce,TE,4
DraftDaddy,80,,Rambo,Rambo,S,5
DraftDaddy,81,,Bailey,Bailey,WR,11
DraftDaddy,82,,Swearinger,Swearinger,S,6
DraftDaddy,83,,Winters,Winters,G,6
DraftDaddy,84,,Gratz,Gratz,CB,13
DraftDaddy,85,,Lemonier,Lemonier,DE,10
DraftDaddy,86,,McDonald,McDonald,TE,5
DraftDaddy,87,,Williams,Williams,WR,12
DraftDaddy,88,,Thomas,Thomas,S,7
DraftDaddy,89,,Mathieu,Mathieu,CB,14
DraftDaddy,90,,Jones,Jones,C,2
DraftDaddy,91,,Logan,Logan,DT,10
DraftDaddy,92,,Ball,Ball,RB,5
DraftDaddy,93,,Swope,Swope,WR,13
DraftDaddy,94,,Wilcox,Wilcox,S,8
DraftDaddy,95,,Schwenke,Schwenke,C,3
DraftDaddy,96,,Washington,Washington,DE,11
DraftDaddy,97,,Dysert,Dysert,QB,7
DraftDaddy,98,,Dobson,Dobson,WR,14
DraftDaddy,99,,Scott,Scott,QB,8
DraftDaddy,100,,Bostic,Bostic,LB,9
